K,init,algorithm,Silhouette,Silhouette_std
3,k-means++,minibatch_kmeans,0.23716942401480473,0.0005944749353178642
5,k-means++,minibatch_kmeans,0.17588311574104112,0.0007448635192618368
8,k-means++,minibatch_kmeans,0.21122495964893098,0.0007947100136753378
11,k-means++,minibatch_kmeans,0.20388415847550898,0.0008679290795564615
12,k-means++,minibatch_kmeans,0.2135728924631511,0.0005961629229026057
14,k-means++,minibatch_kmeans,0.22516117556639847,0.0007345040489809802
16,k-means++,minibatch_kmeans,0.22999360019712894,0.00033501886207289064
21,k-means++,minibatch_kmeans,0.2676032363860911,0.0005689218509145505
26,k-means++,minibatch_kmeans,0.26777145130587793,0.0005219023569235773
